date,open,high,low,close,adj_close,volume
2015/12/31,17590.66016,17590.66016,17421.16016,17425.0293,17425.0293,93690000
2016/1/4,17405.48047,17405.48047,16957.63086,17148.93945,17148.93945,148060000
2016/1/5,17147.5,17195.83984,17038.60938,17158.66016,17158.66016,105750000
2016/1/6,17154.83008,17154.83008,16817.61914,16906.50977,16906.50977,120250000
2016/1/7,16888.35938,16888.35938,16463.63086,16514.09961,16514.09961,176240000
2016/1/8,16519.16992,16651.89063,16314.57031,16346.4502,16346.4502,141850000
2016/1/11,16358.70996,16461.84961,16232.03027,16398.57031,16398.57031,127790000
2016/1/12,16419.10938,16591.34961,16322.07031,16516.2207,16516.2207,117480000
2016/1/13,16526.63086,16593.50977,16123.2002,16151.41016,16151.41016,153530000
2016/1/14,16159.00977,16482.05078,16075.12012,16379.04981,16379.04981,158830000
2016/1/15,16354.33008,16354.33008,15842.11035,15988.08008,15988.08008,239210000
2016/1/19,16009.4502,16171.95996,15900.25,16016.01953,16016.01953,144360000
2016/1/20,15989.4502,15989.4502,15450.55957,15766.74023,15766.74023,191870000
2016/1/21,15768.87012,16038.58984,15704.66016,15882.67969,15882.67969,145140000
2016/1/22,15921.09961,16136.79004,15921.09961,16093.50977,16093.50977,145850000
2016/1/25,16086.45996,16086.45996,15880.15039,15885.21973,15885.21973,123250000
2016/1/26,15893.16016,16185.79004,15893.16016,16167.23047,16167.23047,118210000
2016/1/27,16168.74023,16235.03027,15878.29981,15944.45996,15944.45996,138350000
2016/1/28,15960.28027,16102.13965,15863.71973,16069.63965,16069.63965,130120000
2016/1/29,16090.25977,16466.30078,16090.25977,16466.30078,16466.30078,217940000
2016/2/1,16453.63086,16510.98047,16299.46973,16449.17969,16449.17969,114450000
2016/2/2,16420.21094,16420.21094,16108.44043,16153.54004,16153.54004,126210000
2016/2/3,16186.2002,16381.69043,15960.4502,16336.66016,16336.66016,141870000
2016/2/4,16329.66992,16485.83984,16266.16016,16416.58008,16416.58008,131490000
2016/2/5,16417.94922,16423.63086,16129.80957,16204.96973,16204.96973,139010000
2016/2/8,16147.50977,16147.50977,15803.54981,16027.04981,16027.04981,165880000
2016/2/9,16005.41016,16136.62012,15881.11035,16014.37988,16014.37988,127740000
2016/2/10,16035.61035,16201.88965,15899.91016,15914.74023,15914.74023,122290000
2016/2/11,15897.82031,15897.82031,15503.00977,15660.17969,15660.17969,172070000
2016/2/12,15691.62012,15974.04004,15691.62012,15973.83984,15973.83984,132550000
2016/2/16,16012.38965,16196.41016,16012.38965,16196.41016,16196.41016,142030000
2016/2/17,16217.98047,16486.11914,16217.98047,16453.83008,16453.83008,124080000
2016/2/18,16483.75977,16511.83984,16390.42969,16413.42969,16413.42969,104950000
2016/2/19,16410.96094,16410.96094,16278,16391.99023,16391.99023,134340000
2016/2/22,16417.13086,16664.24023,16417.13086,16620.66016,16620.66016,102240000
2016/2/23,16610.39063,16610.39063,16403.5293,16431.7793,16431.7793,98170000
2016/2/24,16418.83984,16507.39063,16165.86035,16484.99023,16484.99023,93620000
2016/2/25,16504.38086,16697.98047,16458.41992,16697.28906,16697.28906,94120000
2016/2/26,16712.69922,16795.98047,16623.91016,16639.9707,16639.9707,98480000
2016/2/29,16634.15039,16726.11914,16510.40039,16516.5,16516.5,126220000
2016/3/1,16545.66992,16865.56055,16545.66992,16865.08008,16865.08008,105050000
2016/3/2,16851.16992,16900.16992,16766.32031,16899.32031,16899.32031,104470000
2016/3/3,16896.16992,16944.31055,16820.73047,16943.90039,16943.90039,91110000
2016/3/4,16945,17062.38086,16898.83984,17006.76953,17006.76953,106910000
2016/3/7,16991.28906,17099.25,16940.48047,17073.94922,17073.94922,100290000
2016/3/8,17050.66992,17072.78906,16921.50977,16964.09961,16964.09961,108380000
2016/3/9,16969.16992,17048.5,16947.93945,17000.35938,17000.35938,116690000
2016/3/10,17006.05078,17130.10938,16821.85938,16995.13086,16995.13086,117570000
2016/3/11,17014.99023,17220.08984,17014.99023,17213.31055,17213.31055,123420000
2016/3/14,17207.49023,17275.07031,17161.16016,17229.13086,17229.13086,96350000
2016/3/15,17217.15039,17251.69922,17120.34961,17251.5293,17251.5293,92830000
2016/3/16,17249.33984,17379.17969,17204.07031,17325.75977,17325.75977,118710000
2016/3/17,17321.38086,17529.00977,17297.65039,17481.49023,17481.49023,117990000
2016/3/18,17481.49023,17620.58008,17481.49023,17602.30078,17602.30078,321230000
2016/3/21,17589.69922,17644.9707,17551.2793,17623.86914,17623.86914,84410000
2016/3/22,17602.71094,17648.93945,17540.41992,17582.57031,17582.57031,95450000
2016/3/23,17588.81055,17588.81055,17486.26953,17502.58984,17502.58984,84240000
2016/3/24,17485.33008,17517.14063,17399.00977,17515.73047,17515.73047,84100000
2016/3/28,17526.08008,17583.81055,17493.0293,17535.39063,17535.39063,70460000
2016/3/29,17512.58008,17642.81055,17434.26953,17633.10938,17633.10938,86160000
2016/3/30,17652.35938,17790.10938,17652.35938,17716.66016,17716.66016,79330000
2016/3/31,17716.05078,17755.69922,17669.7207,17685.08984,17685.08984,102600000
2016/4/1,17661.74023,17811.48047,17568.01953,17792.75,17792.75,104890000
2016/4/4,17799.39063,17806.38086,17710.66992,17737,17737,85230000
2016/4/5,17718.0293,17718.0293,17579.56055,17603.32031,17603.32031,115230000
2016/4/6,17605.44922,17723.55078,17542.53906,17716.05078,17716.05078,99410000
2016/4/7,17687.2793,17687.2793,17484.23047,17541.96094,17541.96094,90120000
2016/4/8,17555.39063,17694.50977,17528.16016,17576.96094,17576.96094,79990000
2016/4/11,17586.48047,17731.63086,17555.90039,17556.41016,17556.41016,107100000
2016/4/12,17571.33984,17744.42969,17553.57031,17721.25,17721.25,81020000
2016/4/13,17741.66016,17918.34961,17741.66016,17908.2793,17908.2793,91710000
2016/4/14,17912.25,17962.14063,17885.43945,17926.42969,17926.42969,84510000
2016/4/15,17925.94922,17937.65039,17867.41016,17897.46094,17897.46094,118160000
2016/4/18,17890.19922,18009.5293,17848.2207,18004.16016,18004.16016,89390000
2016/4/19,18012.09961,18103.46094,17984.42969,18053.59961,18053.59961,89820000
2016/4/20,18059.49023,18167.63086,18031.21094,18096.26953,18096.26953,100210000
2016/4/21,18092.83984,18107.28906,17963.89063,17982.51953,17982.51953,102720000
2016/4/22,17985.05078,18026.84961,17909.89063,18003.75,18003.75,134120000
2016/4/25,17990.93945,17990.93945,17855.55078,17977.24023,17977.24023,83770000
2016/4/26,17987.38086,18043.76953,17934.16992,17990.32031,17990.32031,92570000
2016/4/27,17996.14063,18084.66016,17920.25977,18041.55078,18041.55078,109090000
2016/4/28,18023.88086,18035.73047,17796.55078,17830.75977,17830.75977,100920000
2016/4/29,17813.08984,17814.83008,17651.98047,17773.64063,17773.64063,136670000
2016/5/2,17783.7793,17912.34961,17773.71094,17891.16016,17891.16016,80100000
2016/5/3,17870.75,17870.75,17670.88086,17750.91016,17750.91016,97060000
2016/5/4,17735.01953,17738.06055,17609.00977,17651.25977,17651.25977,95020000
2016/5/5,17664.48047,17736.10938,17615.82031,17660.71094,17660.71094,81530000
2016/5/6,17650.30078,17744.53906,17580.38086,17740.63086,17740.63086,80020000
2016/5/9,17743.84961,17783.16016,17668.38086,17705.91016,17705.91016,85590000
2016/5/10,17726.66016,17934.60938,17726.66016,17928.34961,17928.34961,75790000
2016/5/11,17919.0293,17919.0293,17711.05078,17711.11914,17711.11914,87390000
2016/5/12,17711.11914,17798.18945,17625.38086,17720.5,17720.5,88560000
2016/5/13,17711.11914,17734.74023,17512.48047,17535.32031,17535.32031,86640000
2016/5/16,17531.75977,17755.80078,17531.75977,17710.71094,17710.71094,88440000
2016/5/17,17701.46094,17701.46094,17469.91992,17529.98047,17529.98047,103260000
2016/5/18,17501.2793,17636.2207,17418.21094,17526.61914,17526.61914,79120000
2016/5/19,17514.16016,17514.16016,17331.07031,17435.40039,17435.40039,95530000
2016/5/20,17437.32031,17571.75,17437.32031,17500.93945,17500.93945,111990000
2016/5/23,17507.03906,17550.69922,17480.05078,17492.92969,17492.92969,87790000
2016/5/24,17525.18945,17742.58984,17525.18945,17706.05078,17706.05078,86480000
2016/5/25,17735.08984,17891.71094,17735.08984,17851.50977,17851.50977,79180000
2016/5/26,17859.51953,17888.66016,17803.82031,17828.28906,17828.28906,68940000
2016/5/27,17826.84961,17873.2207,17824.73047,17873.2207,17873.2207,73190000
2016/5/31,17891.5,17899.24023,17724.0293,17787.19922,17787.19922,147390000
2016/6/1,17754.55078,17809.17969,17664.78906,17789.66992,17789.66992,78530000
2016/6/2,17789.05078,17838.56055,17703.55078,17838.56055,17838.56055,75560000
2016/6/3,17799.80078,17833.16992,17689.67969,17807.06055,17807.06055,82270000
2016/6/6,17825.68945,17949.67969,17822.81055,17920.33008,17920.33008,71870000
2016/6/7,17936.2207,18003.23047,17936.2207,17938.2793,17938.2793,78750000
2016/6/8,17931.91016,18016,17931.91016,18005.05078,18005.05078,71260000
2016/6/9,17969.98047,18005.2207,17915.88086,17985.18945,17985.18945,69690000
2016/6/10,17938.82031,17938.82031,17812.33984,17865.33984,17865.33984,90540000
2016/6/13,17830.5,17893.2793,17731.34961,17732.48047,17732.48047,101690000
2016/6/14,17710.76953,17733.91992,17595.78906,17674.82031,17674.82031,93740000
2016/6/15,17703.65039,17762.96094,17629.00977,17640.16992,17640.16992,94130000
2016/6/16,17602.23047,17754.91016,17471.28906,17733.09961,17733.09961,91950000
2016/6/17,17733.43945,17733.43945,17602.7793,17675.16016,17675.16016,248680000
2016/6/20,17736.86914,17946.35938,17736.86914,17804.86914,17804.86914,99380000
2016/6/21,17827.33008,17877.83984,17799.80078,17829.73047,17829.73047,85130000
2016/6/22,17832.66992,17920.16016,17770.35938,17780.83008,17780.83008,89440000
2016/6/23,17844.10938,18011.07031,17844.10938,18011.07031,18011.07031,98070000
2016/6/24,17946.63086,17946.63086,17356.33984,17400.75,17400.75,239000000
2016/6/27,17355.21094,17355.21094,17063.08008,17140.24023,17140.24023,138740000
2016/6/28,17190.50977,17409.7207,17190.50977,17409.7207,17409.7207,112190000
2016/6/29,17456.01953,17704.50977,17456.01953,17694.67969,17694.67969,106380000
2016/6/30,17712.75977,17930.60938,17711.80078,17929.99023,17929.99023,133030000
2016/7/1,17924.24023,18002.38086,17916.91016,17949.36914,17949.36914,82160000
2016/7/5,17904.44922,17904.44922,17785.2793,17840.61914,17840.61914,103650000
2016/7/6,17807.4707,17926.91016,17713.44922,17918.61914,17918.61914,93000000
2016/7/7,17924.24023,17984.94922,17816.65039,17895.88086,17895.88086,81570000
2016/7/8,17971.2207,18166.76953,17971.2207,18146.74023,18146.74023,93460000
2016/7/11,18161.5293,18283.90039,18161.5293,18226.92969,18226.92969,80880000
2016/7/12,18259.11914,18371.94922,18259.11914,18347.66992,18347.66992,90170000
2016/7/13,18356.7793,18390.16016,18315.75977,18372.11914,18372.11914,80920000
2016/7/14,18414.30078,18537.57031,18414.30078,18506.41016,18506.41016,87050000
2016/7/15,18508.88086,18557.42969,18471.61914,18516.55078,18516.55078,123690000
2016/7/18,18521.55078,18556.13086,18489.83984,18533.05078,18533.05078,75540000
2016/7/19,18503.11914,18562.5293,18495.10938,18559.00977,18559.00977,85840000
2016/7/20,18582.69922,18622.00977,18555.65039,18595.0293,18595.0293,93230000
2016/7/21,18589.96094,18590.43945,18469.66992,18517.23047,18517.23047,86800000
2016/7/22,18524.15039,18571.30078,18491.58984,18570.84961,18570.84961,87710000
2016/7/25,18554.49023,18555.68945,18452.61914,18493.06055,18493.06055,76810000
2016/7/26,18497.36914,18522.4707,18387.2207,18473.75,18473.75,85370000
2016/7/27,18473.26953,18542.39063,18430.93945,18472.16992,18472.16992,111370000
2016/7/28,18461.00977,18483.25977,18368.82031,18456.34961,18456.34961,85750000
2016/7/29,18442.51953,18466.55078,18371.11914,18432.24023,18432.24023,111550000
2016/8/1,18434.5,18467.0293,18355.75,18404.50977,18404.50977,83470000
2016/8/2,18401.15039,18403.65039,18247.78906,18313.76953,18313.76953,89680000
2016/8/3,18313.08008,18355,18283.23047,18355,18355,78550000
2016/8/4,18351.42969,18397.86914,18325.16992,18352.05078,18352.05078,64500000
2016/8/5,18402.80078,18543.5293,18402.80078,18543.5293,18543.5293,92420000
2016/8/8,18541.89063,18569.31055,18502.0293,18529.28906,18529.28906,71810000
2016/8/9,18538.05078,18585.32031,18507.75,18533.05078,18533.05078,60090000
2016/8/10,18541.48047,18561.75,18468.7793,18495.66016,18495.66016,62780000
2016/8/11,18519.08008,18638.33984,18519.08008,18613.51953,18613.51953,71470000
2016/8/12,18595.65039,18606.06055,18535.85938,18576.4707,18576.4707,61580000
2016/8/15,18588.58984,18722.60938,18559.92969,18636.05078,18636.05078,62350000
2016/8/16,18614.48047,18614.85938,18550.65039,18552.01953,18552.01953,67570000
2016/8/17,18537.08984,18582.34961,18468.67969,18573.93945,18573.93945,71000000
2016/8/18,18566.53906,18600.82031,18533.28906,18597.69922,18597.69922,70740000
2016/8/19,18585.16992,18585.16992,18491.24023,18552.57031,18552.57031,93170000
2016/8/22,18535.85938,18570.91992,18466.85938,18529.41992,18529.41992,73450000
2016/8/23,18568.93945,18631.59961,18545.51953,18547.30078,18547.30078,73990000
2016/8/24,18537.5,18539.15039,18448.26953,18481.48047,18481.48047,72270000
2016/8/25,18471.21094,18497.67969,18431.46094,18448.41016,18448.41016,64480000
2016/8/26,18467.91992,18572.08984,18335.33984,18395.40039,18395.40039,78730000
2016/8/29,18421.28906,18523.08984,18419.91992,18502.99023,18502.99023,64480000
2016/8/30,18491.2793,18514.28906,18408.51953,18454.30078,18454.30078,68920000
2016/8/31,18436.69922,18439.67969,18333.56055,18400.88086,18400.88086,98250000
2016/9/1,18396.57031,18430.05078,18295.48047,18419.30078,18419.30078,74780000
2016/9/2,18466.00977,18544.75977,18439.09961,18491.96094,18491.96094,74350000
2016/9/6,18493.40039,18551.53906,18450.32031,18538.11914,18538.11914,83710000
2016/9/7,18527.71094,18536.89063,18474.76953,18526.14063,18526.14063,67570000
2016/9/8,18486.68945,18506.24023,18446.68945,18479.91016,18479.91016,79060000
2016/9/9,18404.16992,18404.16992,18085.44922,18085.44922,18085.44922,120670000
2016/9/12,18028.94922,18358.68945,17994.83984,18325.07031,18325.07031,103260000
2016/9/13,18262.99023,18262.99023,18028.06055,18066.75,18066.75,102830000
2016/9/14,18073.39063,18163.48047,17992.21094,18034.76953,18034.76953,103360000
2016/9/15,18024.91016,18250.10938,18015.49023,18212.48047,18212.48047,99550000
2016/9/16,18217.21094,18217.21094,18070.21094,18123.80078,18123.80078,278510000
2016/9/19,18154.82031,18254.88086,18093.05078,18120.16992,18120.16992,78090000
2016/9/20,18175.35938,18227.21094,18128.80078,18129.96094,18129.96094,72450000
2016/9/21,18164.96094,18307.42969,18121.57031,18293.69922,18293.69922,94090000
2016/9/22,18343.75977,18449.88086,18343.75977,18392.46094,18392.46094,73030000
2016/9/23,18377.35938,18383.75977,18254.83984,18261.44922,18261.44922,87170000
2016/9/26,18217.75977,18217.75977,18083.32031,18094.83008,18094.83008,95510000
2016/9/27,18099.21094,18238.09961,18052.16016,18228.30078,18228.30078,84130000
2016/9/28,18240.2207,18349.85938,18179.33984,18339.24023,18339.24023,97650000
2016/9/29,18322.88086,18366.23047,18091.64063,18143.44922,18143.44922,95880000
2016/9/30,18181.80078,18369.61914,18181.80078,18308.15039,18308.15039,135470000
2016/10/3,18279.59961,18279.80078,18203.75,18253.84961,18253.84961,68520000
2016/10/4,18267.67969,18313.76953,18116.25977,18168.44922,18168.44922,79710000
2016/10/5,18205.5,18315.82031,18205.5,18281.0293,18281.0293,76190000
2016/10/6,18280.41992,18288.11914,18162.9707,18268.5,18268.5,78660000
2016/10/7,18295.34961,18319.73047,18149.34961,18240.49023,18240.49023,82680000
2016/10/10,18282.94922,18399.96094,18282.94922,18329.03906,18329.03906,72110000
2016/10/11,18308.42969,18312.33008,18061.96094,18128.66016,18128.66016,88610000
2016/10/12,18132.63086,18193.96094,18082.08984,18144.19922,18144.19922,72230000
2016/10/13,18088.32031,18137.69922,17959.94922,18098.93945,18098.93945,83160000
2016/10/14,18177.34961,18261.10938,18138.38086,18138.38086,18138.38086,87050000
2016/10/17,18135.84961,18162.2793,18063.01953,18086.40039,18086.40039,75960000
2016/10/18,18145.06055,18225.80078,18129.44922,18161.93945,18161.93945,74600000
2016/10/19,18178.21094,18252.19922,18169.25,18202.61914,18202.61914,88040000
2016/10/20,18161.86914,18249.05078,18129.07031,18162.34961,18162.34961,88830000
2016/10/21,18152.63086,18168.75977,18049.76953,18145.71094,18145.71094,117810000
2016/10/24,18197.14063,18275.03906,18191.17969,18223.0293,18223.0293,88540000
2016/10/25,18206.51953,18241.68945,18151.69922,18169.26953,18169.26953,83190000
2016/10/26,18103.80078,18236.03906,18062.30078,18199.33008,18199.33008,86340000
2016/10/27,18234.81055,18253.19922,18149.19922,18169.67969,18169.67969,83530000
2016/10/28,18193.78906,18257.06055,18094.9707,18161.18945,18161.18945,107850000
2016/10/31,18176.59961,18193.67969,18130.58008,18142.41992,18142.41992,110080000
2016/11/1,18158.24023,18177.00977,17940.83984,18037.09961,18037.09961,101280000
2016/11/2,18017.7207,18044.15039,17931.89063,17959.64063,17959.64063,88610000
2016/11/3,17978.75,18006.96094,17904.07031,17930.66992,17930.66992,77860000
2016/11/4,17928.34961,17986.75977,17883.56055,17888.2793,17888.2793,97760000
2016/11/7,17994.64063,18263.30078,17994.64063,18259.59961,18259.59961,93450000
2016/11/8,18251.38086,18400.5,18200.75,18332.74023,18332.74023,79820000
2016/11/9,18317.25977,18650.06055,18252.55078,18589.68945,18589.68945,173110000
2016/11/10,18603.14063,18873.66016,18603.14063,18807.88086,18807.88086,164390000
2016/11/11,18781.65039,18855.7793,18736.96094,18847.66016,18847.66016,107300000
2016/11/14,18876.76953,18934.05078,18815.75,18868.68945,18868.68945,112250000
2016/11/15,18858.21094,18925.25977,18806.06055,18923.06055,18923.06055,100660000
2016/11/16,18909.84961,18909.84961,18825.89063,18868.14063,18868.14063,87320000
2016/11/17,18866.2207,18904.0293,18845.26953,18903.82031,18903.82031,89940000
2016/11/18,18905.33008,18915.74023,18853.83008,18867.92969,18867.92969,109880000
2016/11/21,18898.67969,18960.75977,18883.09961,18956.68945,18956.68945,80520000
2016/11/22,18970.39063,19043.90039,18962.82031,19023.86914,19023.86914,85310000
2016/11/23,19015.51953,19083.75977,19000.38086,19083.17969,19083.17969,77880000
2016/11/25,19093.7207,19152.14063,19093.7207,19152.14063,19152.14063,45890000
2016/11/28,19122.14063,19138.7207,19072.25,19097.90039,19097.90039,88460000
2016/11/29,19064.07031,19144.40039,19062.2207,19121.59961,19121.59961,81510000
2016/11/30,19135.64063,19225.28906,19123.38086,19123.58008,19123.58008,164570000
2016/12/1,19149.19922,19214.30078,19138.78906,19191.92969,19191.92969,108800000
2016/12/2,19161.25,19196.14063,19141.17969,19170.41992,19170.41992,84920000
2016/12/5,19244.34961,19274.84961,19186.73047,19216.24023,19216.24023,317800000
2016/12/6,19219.91016,19255.89063,19184.74023,19251.7793,19251.7793,284960000
2016/12/7,19241.99023,19558.41992,19229.83008,19549.61914,19549.61914,385200000
2016/12/8,19559.93945,19664.9707,19527.83008,19614.81055,19614.81055,324570000
2016/12/9,19631.34961,19757.74023,19623.18945,19756.84961,19756.84961,334470000
2016/12/12,19770.19922,19824.58984,19747.74023,19796.42969,19796.42969,333660000
2016/12/13,19852.21094,19953.75,19846.44922,19911.21094,19911.21094,388420000
2016/12/14,19876.13086,19966.42969,19748.66992,19792.5293,19792.5293,408430000
2016/12/15,19811.5,19951.28906,19811.5,19852.24023,19852.24023,357350000
2016/12/16,19909.00977,19923.16992,19821,19843.41016,19843.41016,573470000
2016/12/19,19836.66016,19917.7793,19832.94922,19883.06055,19883.06055,302310000
2016/12/20,19920.58984,19987.63086,19920.41992,19974.61914,19974.61914,284080000
2016/12/21,19968.9707,19986.56055,19941.96094,19941.96094,19941.96094,256640000
2016/12/22,19922.67969,19933.83008,19882.18945,19918.88086,19918.88086,258290000
2016/12/23,19908.60938,19934.15039,19899.06055,19933.81055,19933.81055,158260000
2016/12/27,19943.46094,19980.24023,19939.80078,19945.03906,19945.03906,158540000
2016/12/28,19964.31055,19981.10938,19827.31055,19833.67969,19833.67969,188350000
2016/12/29,19835.46094,19878.43945,19788.93945,19819.7793,19819.7793,172040000
2016/12/30,19833.16992,19852.55078,19718.66992,19762.59961,19762.59961,271910000
2017/1/3,19872.85938,19938.5293,19775.92969,19881.75977,19881.75977,339180000
2017/1/4,19890.93945,19956.14063,19878.83008,19942.16016,19942.16016,280010000
2017/1/5,19924.56055,19948.59961,19811.11914,19899.28906,19899.28906,269920000
2017/1/6,19906.96094,19999.63086,19834.08008,19963.80078,19963.80078,277700000
2017/1/9,19931.41016,19943.7793,19887.38086,19887.38086,19887.38086,287060000
2017/1/10,19876.34961,19957.11914,19836.0293,19855.5293,19855.5293,299410000
2017/1/11,19887.38086,19973.41992,19833.16016,19954.2793,19954.2793,336150000
2017/1/12,19926.21094,19929.28906,19770.4707,19891,19891,306290000
2017/1/13,19912.53906,19952.0293,19849.38086,19885.73047,19885.73047,263780000
2017/1/17,19848.82031,19882.99023,19775.34961,19826.76953,19826.76953,341900000
2017/1/18,19822.73047,19828.19922,19739,19804.7207,19804.7207,279760000
2017/1/19,19813.55078,19824.14063,19677.93945,19732.40039,19732.40039,301750000
2017/1/20,19795.06055,19843.93945,19759.14063,19827.25,19827.25,435260000
2017/1/23,19794.78906,19833.98047,19732.35938,19799.84961,19799.84961,326690000
2017/1/24,19794.67969,19949.24023,19786.71094,19912.71094,19912.71094,374460000
2017/1/25,19994.48047,20082,19994.48047,20068.50977,20068.50977,372240000
2017/1/26,20076.25,20125.58008,20067.5293,20100.91016,20100.91016,356730000
2017/1/27,20103.35938,20115.9707,20072.64063,20093.7793,20093.7793,343130000
2017/1/30,20028.61914,20028.61914,19870.39063,19971.13086,19971.13086,317280000
2017/1/31,19913.16016,19918.16992,19784.76953,19864.08984,19864.08984,373750000
2017/2/1,19923.81055,19967.73047,19845.99023,19890.93945,19890.93945,426670000
2017/2/2,19858.33984,19922.75,19831.08984,19884.91016,19884.91016,347220000
2017/2/3,19964.21094,20081.48047,19964.21094,20071.46094,20071.46094,344220000
2017/2/6,20025.60938,20094.94922,20002.81055,20052.41992,20052.41992,281720000
2017/2/7,20107.61914,20155.34961,20068.67969,20090.28906,20090.28906,279670000
2017/2/8,20049.28906,20068.2793,20015.33008,20054.33984,20054.33984,280410000
2017/2/9,20061.73047,20206.35938,20061.73047,20172.40039,20172.40039,325310000
2017/2/10,20211.23047,20298.21094,20204.75977,20269.36914,20269.36914,312230000
2017/2/13,20338.53906,20441.48047,20322.94922,20412.16016,20412.16016,314620000
2017/2/14,20374.2207,20504.41016,20374.01953,20504.41016,20504.41016,356580000
2017/2/15,20504.26953,20620.44922,20496.0293,20611.85938,20611.85938,384380000
2017/2/16,20627.31055,20639.86914,20556.83008,20619.76953,20619.76953,354120000
2017/2/17,20564.13086,20624.05078,20532.60938,20624.05078,20624.05078,340620000
2017/2/21,20663.42969,20757.64063,20663.36914,20743,20743,336880000
2017/2/22,20715.41016,20781.58984,20692.39063,20775.59961,20775.59961,310530000
2017/2/23,20817.21094,20840.69922,20746.41016,20810.32031,20810.32031,302110000
2017/2/24,20751.91016,20821.75977,20733.94922,20821.75977,20821.75977,292540000
2017/2/27,20808.71094,20851.33008,20774.75977,20837.43945,20837.43945,256540000
2017/2/28,20833.88086,20841.24023,20781.21094,20812.24023,20812.24023,339210000
2017/3/1,20957.28906,21169.10938,20957.28906,21115.55078,21115.55078,392820000
2017/3/2,21128.91016,21129.19922,20996.60938,21002.9707,21002.9707,319910000
2017/3/3,21008.75,21039.96094,20953.85938,21005.71094,21005.71094,254420000
2017/3/6,20955.71094,20986.42969,20912.10938,20954.33984,20954.33984,266620000
2017/3/7,20934.89063,20970.53906,20901.25977,20924.75977,20924.75977,274630000
2017/3/8,20940.43945,20951.43945,20835.58008,20855.73047,20855.73047,296780000
2017/3/9,20864.32031,20900.57031,20777.16016,20858.18945,20858.18945,275960000
2017/3/10,20919.00977,20940.28906,20827.66016,20902.98047,20902.98047,315430000
2017/3/13,20899.2793,20926.06055,20845.71094,20881.48047,20881.48047,289260000
2017/3/14,20848.59961,20874,20786.31055,20837.36914,20837.36914,246820000
2017/3/15,20874.7793,20977.4707,20859.59961,20950.09961,20950.09961,306590000
2017/3/16,20969.26953,21000.10938,20893.5,20934.55078,20934.55078,264360000
2017/3/17,20965.36914,20980.50977,20911.07031,20914.61914,20914.61914,535280000
2017/3/20,20916.26953,20955.44922,20885.69922,20905.85938,20905.85938,253610000
2017/3/21,20956.33008,20970.03906,20653.25977,20668.00977,20668.00977,369320000
2017/3/22,20640.41992,20686.21094,20578.94922,20661.30078,20661.30078,325090000
2017/3/23,20645.07031,20757.89063,20618.61914,20656.58008,20656.58008,280050000
2017/3/24,20674.44922,20718.33008,20529.66992,20596.7207,20596.7207,292980000
2017/3/27,20488.34961,20578.46094,20412.80078,20550.98047,20550.98047,269380000
2017/3/28,20542.14063,20735.60938,20520.09961,20701.5,20701.5,299670000
2017/3/29,20675.75,20684.73047,20625.0293,20659.32031,20659.32031,238320000
2017/3/30,20662.78906,20753.7793,20643.59961,20728.49023,20728.49023,270900000
2017/3/31,20700.33984,20722.58984,20660.67969,20663.2207,20663.2207,303770000
2017/4/3,20665.16992,20692.33984,20517.82031,20650.21094,20650.21094,285670000
2017/4/4,20634.93945,20701.28906,20605.30078,20689.24023,20689.24023,237390000
2017/4/5,20745.06055,20887.5,20639.55078,20648.15039,20648.15039,284980000
2017/4/6,20653.76953,20746.46094,20612.16992,20662.94922,20662.94922,251720000
2017/4/7,20647.81055,20726.07031,20606.94922,20656.09961,20656.09961,219730000
2017/4/10,20668.2207,20750.33008,20614.85938,20658.01953,20658.01953,230480000
2017/4/11,20644.32031,20660.0293,20512.56055,20651.30078,20651.30078,255120000
2017/4/12,20637.94922,20642.53906,20553.0293,20591.85938,20591.85938,267670000
2017/4/13,20561.68945,20612.26953,20453.25,20453.25,20453.25,235810000
2017/4/17,20484.75,20644.41016,20484.75,20636.91992,20636.91992,229240000
2017/4/18,20561.39063,20600.11914,20462.2793,20523.2793,20523.2793,263180000
2017/4/19,20503.51953,20546.68945,20379.55078,20404.49023,20404.49023,294790000
2017/4/20,20406.67969,20629.7793,20406.67969,20578.71094,20578.71094,312440000
2017/4/21,20578.09961,20601.40039,20505.33008,20547.75977,20547.75977,369600000
2017/4/24,20723.58984,20792.19922,20723.58984,20763.89063,20763.89063,342400000
2017/4/25,20915.50977,21026.9707,20909.38086,20996.11914,20996.11914,348180000
2017/4/26,21009.94922,21070.90039,20972.26953,20975.08984,20975.08984,328550000
2017/4/27,20991.11914,21005.80078,20935.80078,20981.33008,20981.33008,305690000
2017/4/28,20987.39063,20987.75977,20926.75,20940.50977,20940.50977,329990000
2017/5/1,20962.73047,20976.61914,20898.38086,20913.46094,20913.46094,288160000
2017/5/2,20941.18945,20960.91992,20904.06055,20949.89063,20949.89063,338810000
2017/5/3,20915,20972.74023,20874.17969,20957.90039,20957.90039,310920000
2017/5/4,20987.83008,20990.78906,20847.94922,20951.4707,20951.4707,274720000
2017/5/5,20929.03906,21006.93945,20905,21006.93945,21006.93945,260960000
2017/5/8,20991.25977,21017.89063,20971.05078,21012.2793,21012.2793,276150000
2017/5/9,21022.2793,21046.84961,20938.03906,20975.7793,20975.7793,273000000
2017/5/10,20958.49023,20976.2793,20884.15039,20943.10938,20943.10938,283340000
2017/5/11,20925.7207,20933.35938,20798.90039,20919.41992,20919.41992,287680000
2017/5/12,20893.18945,20916.09961,20869.74023,20896.60938,20896.60938,288500000
2017/5/15,20923.63086,21000.83008,20923.63086,20981.93945,20981.93945,313170000
2017/5/16,20984.48047,21033.5293,20932.88086,20979.75,20979.75,311580000
2017/5/17,20846.16992,20846.16992,20601.08008,20606.92969,20606.92969,423200000
2017/5/18,20579.65039,20759.19922,20553.44922,20663.01953,20663.01953,422590000
2017/5/19,20698.2793,20857.13086,20687.93945,20804.83984,20804.83984,365180000
2017/5/22,20867.76953,20914.25977,20860.16016,20894.83008,20894.83008,276120000
2017/5/23,20908.66992,20961.14063,20896.2207,20937.91016,20937.91016,244950000
2017/5/24,20949.21094,21022.82031,20933.58008,21012.41992,21012.41992,283180000
2017/5/25,21062.96094,21112.32031,21051.41016,21082.94922,21082.94922,268970000
2017/5/26,21070.15039,21092.82031,21050.49023,21080.2793,21080.2793,208000000
2017/5/30,21045.49023,21063.61914,21009.59961,21029.4707,21029.4707,242810000
2017/5/31,21048.46094,21051.69922,20942.57031,21008.65039,21008.65039,371580000
2017/6/1,21030.55078,21144.17969,20994.2207,21144.17969,21144.17969,276730000
2017/6/2,21142.08984,21225.03906,21129.56055,21206.28906,21206.28906,329700000
2017/6/5,21195.0293,21224.41016,21168.68945,21184.03906,21184.03906,269790000
2017/6/6,21145.48047,21180.4707,21118.46094,21136.23047,21136.23047,283550000
2017/6/7,21171.57031,21189.83984,21113.31055,21173.68945,21173.68945,273400000
2017/6/8,21169.75977,21265.68945,21138.16016,21182.5293,21182.5293,330330000
2017/6/9,21208.96094,21305.34961,21159.44922,21271.9707,21271.9707,397200000
2017/6/12,21259.94922,21277.08008,21186.15039,21235.66992,21235.66992,528080000
2017/6/13,21256.83008,21332.76953,21256.83008,21328.4707,21328.4707,323510000
2017/6/14,21342.71094,21391.9707,21294.08984,21374.56055,21374.56055,295090000
2017/6/15,21291.68945,21367.2793,21261.86914,21359.90039,21359.90039,317200000
2017/6/16,21335.92969,21384.41992,21308.00977,21384.2793,21384.2793,603260000
2017/6/19,21444.75,21528.99023,21436.08008,21528.99023,21528.99023,289400000
2017/6/20,21521.25,21535.0293,21464.24023,21467.14063,21467.14063,310200000
2017/6/21,21466.39063,21492.61914,21390,21410.0293,21410.0293,292500000
2017/6/22,21407.98047,21456.4707,21394.81055,21397.28906,21397.28906,270680000
2017/6/23,21380.91992,21421.78906,21333.89063,21394.75977,21394.75977,368400000
2017/6/26,21434.67969,21506.21094,21381.25,21409.55078,21409.55078,241880000
2017/6/27,21411.18945,21440.59961,21310.66016,21310.66016,21310.66016,292170000
2017/6/28,21372.35938,21478.75,21372.35938,21454.60938,21454.60938,271510000
2017/6/29,21487.38086,21487.38086,21197.08008,21287.0293,21287.0293,336750000
2017/6/30,21348.59961,21426.11914,21325.08008,21349.63086,21349.63086,313260000
2017/7/3,21392.30078,21562.75,21391.71094,21479.26953,21479.26953,186810000
2017/7/5,21492.83008,21505.35938,21404.75977,21478.16992,21478.16992,273690000
2017/7/6,21423.92969,21433.09961,21305.38086,21320.03906,21320.03906,320450000
2017/7/7,21354.66016,21425.82031,21350.7207,21414.33984,21414.33984,242240000
2017/7/10,21381.23047,21446.39063,21371.10938,21408.51953,21408.51953,270340000
2017/7/11,21410.16992,21441.61914,21279.30078,21409.07031,21409.07031,247570000
2017/7/12,21467.92969,21580.78906,21467.92969,21532.14063,21532.14063,267870000
2017/7/13,21537.18945,21568.7207,21512.35938,21553.08984,21553.08984,232270000
2017/7/14,21532.76953,21681.5293,21521.7207,21637.74023,21637.74023,235590000
2017/7/17,21633.9707,21661.81055,21617.66016,21629.7207,21629.7207,244780000
2017/7/18,21589.93945,21589.93945,21471.14063,21574.73047,21574.73047,251110000
2017/7/19,21569.25,21640.75,21565.83984,21640.75,21640.75,253040000
2017/7/20,21641.53906,21661.91016,21576.96094,21611.7793,21611.7793,313950000
2017/7/21,21591.7207,21592.60938,21503.7793,21580.07031,21580.07031,362830000
2017/7/24,21577.7793,21577.7793,21496.13086,21513.16992,21513.16992,284080000
2017/7/25,21638.56055,21670.61914,21577.36914,21613.42969,21613.42969,304300000
2017/7/26,21690.38086,21742.69922,21683.28906,21711.00977,21711.00977,278240000
2017/7/27,21717.41992,21798.4707,21687.84961,21796.55078,21796.55078,407320000
2017/7/28,21787.50977,21841.17969,21756.11914,21830.31055,21830.31055,285630000
2017/7/31,21863.39063,21929.80078,21861.71094,21891.11914,21891.11914,307610000
2017/8/1,21961.41992,21990.96094,21940.81055,21963.91992,21963.91992,328410000
2017/8/2,22004.35938,22036.09961,21967.46094,22016.24023,22016.24023,336820000
2017/8/3,22007.58008,22044.84961,21991.32031,22026.09961,22026.09961,278730000
2017/8/4,22058.39063,22092.81055,22024.64063,22092.81055,22092.81055,253640000
2017/8/7,22100.19922,22121.15039,22081.9707,22118.41992,22118.41992,213010000
2017/8/8,22095.14063,22179.10938,22057.28906,22085.33984,22085.33984,262000000
2017/8/9,22022.33984,22057.18945,21996.68945,22048.69922,22048.69922,277800000
2017/8/10,21988.19922,21988.19922,21843.93945,21844.00977,21844.00977,303310000
2017/8/11,21883.32031,21911.08984,21842.74023,21858.32031,21858.32031,237790000
2017/8/14,21945.64063,22019.23047,21945.64063,21993.71094,21993.71094,235030000
2017/8/15,22029.91016,22038.91992,21971.48047,21998.99023,21998.99023,269070000
2017/8/16,22031.92969,22085.71094,22002.4707,22024.86914,22024.86914,264920000
2017/8/17,21984.74023,21984.74023,21750.32031,21750.73047,21750.73047,311030000
2017/8/18,21724.88086,21793.34961,21641.63086,21674.50977,21674.50977,309070000
2017/8/21,21671.35938,21718.74023,21600.33984,21703.75,21703.75,277880000
2017/8/22,21739.7793,21912.83008,21738.13086,21899.89063,21899.89063,244980000
2017/8/23,21850.26953,21866.66016,21808.39063,21812.08984,21812.08984,234810000
2017/8/24,21839.90039,21870.10938,21765.82031,21783.40039,21783.40039,228480000
2017/8/25,21819.08008,21906.85938,21812.81055,21813.66992,21813.66992,217570000
2017/8/28,21832.5,21861.49023,21767.93945,21808.40039,21808.40039,218740000
2017/8/29,21718,21879.2207,21673.58008,21865.36914,21865.36914,227340000
2017/8/30,21859.75977,21914.25977,21839.4707,21892.42969,21892.42969,242840000
2017/8/31,21936.00977,21985.75977,21910.5,21948.09961,21948.09961,376790000
2017/9/1,21981.76953,22038.9707,21974.91016,21987.56055,21987.56055,256240000
2017/9/5,21912.36914,21921.08984,21709.63086,21753.31055,21753.31055,332840000
2017/9/6,21815.75977,21849.24023,21794.07031,21807.64063,21807.64063,318760000
2017/9/7,21820.38086,21850.00977,21745.71094,21784.7793,21784.7793,333810000
2017/9/8,21764.42969,21846.63086,21731.11914,21797.78906,21797.78906,289400000
2017/9/11,21927.78906,22067.09961,21927.78906,22057.36914,22057.36914,312770000
2017/9/12,22090.56055,22134.57031,22087.08984,22118.85938,22118.85938,364580000
2017/9/13,22103.4707,22158.17969,22095.78906,22158.17969,22158.17969,291890000
2017/9/14,22144.96094,22216.43945,22135.25977,22203.48047,22203.48047,297780000
2017/9/15,22252.43945,22275.01953,22214.51953,22268.33984,22268.33984,527540000
2017/9/18,22297.91992,22355.61914,22283.34961,22331.34961,22331.34961,302740000
2017/9/19,22349.69922,22386.00977,22340.71094,22370.80078,22370.80078,295570000
2017/9/20,22351.38086,22413.25977,22314.67969,22412.58984,22412.58984,334560000
2017/9/21,22414.01953,22419.50977,22356.55078,22359.23047,22359.23047,287390000
2017/9/22,22334.07031,22364.31055,22299.58008,22349.58984,22349.58984,297140000
2017/9/25,22320.4707,22359.88086,22219.10938,22296.08984,22296.08984,332430000
2017/9/26,22322.0293,22369.34961,22279.51953,22284.32031,22284.32031,285990000
2017/9/27,22330.92969,22371.09961,22254.92969,22340.71094,22340.71094,342900000
2017/9/28,22306.83008,22394.74023,22288.9707,22381.19922,22381.19922,263010000
2017/9/29,22358.4707,22405.63086,22332.96094,22405.08984,22405.08984,274790000
2017/10/2,22423.4707,22559.38086,22416,22557.59961,22557.59961,268530000
2017/10/3,22564.44922,22646.32031,22562.90039,22641.66992,22641.66992,238830000
2017/10/4,22645.66992,22685.93945,22632.80078,22661.64063,22661.64063,235730000
2017/10/5,22669.08008,22777.03906,22655.14063,22775.39063,22775.39063,246400000
2017/10/6,22762.0293,22773.66992,22730.84961,22773.66992,22773.66992,221450000
2017/10/9,22779.73047,22803.36914,22739.38086,22761.07031,22761.07031,310770000
2017/10/10,22784.75977,22850.50977,22770.99023,22830.67969,22830.67969,319270000
2017/10/11,22827.65039,22872.89063,22821.66016,22872.89063,22872.89063,316000000
2017/10/12,22854.84961,22884.82031,22821.13086,22841.00977,22841.00977,291790000
2017/10/13,22876.42969,22905.33008,22855.92969,22871.7207,22871.7207,259560000
2017/10/16,22892.91992,22960.11914,22887.11914,22956.96094,22956.96094,247180000
2017/10/17,22952.41016,23002.19922,22948.23047,22997.43945,22997.43945,273090000
2017/10/18,23087.13086,23172.92969,23086.75,23157.59961,23157.59961,271870000
2017/10/19,23107.4707,23167.24023,23052.66992,23163.03906,23163.03906,350400000
2017/10/20,23205.17969,23328.83984,23201.7793,23328.63086,23328.63086,474380000
2017/10/23,23348.94922,23368.36914,23273.96094,23273.96094,23273.96094,456830000
2017/10/24,23346.7793,23485.25,23343.23047,23441.75977,23441.75977,406850000
2017/10/25,23431.08984,23451.50977,23251.10938,23329.46094,23329.46094,399560000
2017/10/26,23380.89063,23459.83984,23380.89063,23400.85938,23400.85938,370600000
2017/10/27,23419.16016,23449.40039,23353.16016,23434.18945,23434.18945,518870000
2017/10/30,23405.75,23428.75,23327.86914,23348.74023,23348.74023,436900000
2017/10/31,23369.2207,23406.34961,23334.39063,23377.24023,23377.24023,388050000
2017/11/1,23442.90039,23517.71094,23388.91016,23435.00977,23435.00977,361260000
2017/11/2,23463.24023,23531.38086,23350.98047,23516.25977,23516.25977,348040000
2017/11/3,23549.58984,23557.06055,23481.57031,23539.18945,23539.18945,312250000
2017/11/6,23533.96094,23574.85938,23520.75,23548.41992,23548.41992,325190000
2017/11/7,23574.0293,23602.11914,23484.18945,23557.23047,23557.23047,285080000
2017/11/8,23542.59961,23575,23510.56055,23563.35938,23563.35938,264670000
2017/11/9,23492.08984,23516.74023,23310.01953,23461.93945,23461.93945,305440000
2017/11/10,23432.71094,23452.19922,23392.96094,23422.21094,23422.21094,351280000
2017/11/13,23367.4707,23461.67969,23343.33984,23439.69922,23439.69922,491260000
2017/11/14,23388.40039,23414.08008,23271.57031,23409.4707,23409.4707,561330000
2017/11/15,23334.58984,23344.99023,23242.75,23271.2793,23271.2793,404300000
2017/11/16,23365.33984,23492.18945,23365.33984,23458.35938,23458.35938,402020000
2017/11/17,23433.76953,23433.76953,23356.00977,23358.24023,23358.24023,386000000
2017/11/20,23370.71094,23456.88086,23360.58008,23430.33008,23430.33008,315330000
2017/11/21,23500.15039,23617.80078,23500.15039,23590.83008,23590.83008,329650000
2017/11/22,23597.24023,23605.76953,23507.60938,23526.17969,23526.17969,268760000
2017/11/24,23552.75,23599.17969,23551.58984,23557.99023,23557.99023,118610000
2017/11/27,23552.85938,23638.91992,23545.01953,23580.7793,23580.7793,296320000
2017/11/28,23625.18945,23849.60938,23617.10938,23836.71094,23836.71094,319240000
2017/11/29,23883.25977,23959.75977,23872.58984,23940.67969,23940.67969,401410000
2017/11/30,24013.80078,24327.82031,24013.80078,24272.34961,24272.34961,488200000
2017/12/1,24305.40039,24322.06055,23921.90039,24231.58984,24231.58984,417910000
2017/12/4,24424.10938,24534.03906,24288.18945,24290.05078,24290.05078,424250000
2017/12/5,24335.00977,24349.74023,24155.2793,24180.64063,24180.64063,371190000
2017/12/6,24171.90039,24229.34961,24134.49023,24140.91016,24140.91016,312720000
2017/12/7,24116.59961,24262.88086,24101.24023,24211.48047,24211.48047,319060000
2017/12/8,24263.25977,24330.11914,24225.5,24329.16016,24329.16016,293590000
2017/12/11,24338.10938,24389.7207,24314.74023,24386.0293,24386.0293,300580000
2017/12/12,24452.96094,24552.9707,24443.83008,24504.80078,24504.80078,342220000
2017/12/13,24525.18945,24666.01953,24518.30078,24585.42969,24585.42969,325280000
2017/12/14,24631.00977,24672.48047,24508.66016,24508.66016,24508.66016,314780000
2017/12/15,24585.71094,24688.61914,24584.43945,24651.74023,24651.74023,635740000
2017/12/18,24739.56055,24876.07031,24739.56055,24792.19922,24792.19922,354880000
2017/12/19,24834.38086,24850.10938,24715.59961,24754.75,24754.75,335330000
2017/12/20,24838.08984,24852.43945,24697.10938,24726.65039,24726.65039,341790000
2017/12/21,24778.25977,24850.91016,24766.26953,24782.28906,24782.28906,339530000
2017/12/22,24764.03906,24784.15039,24717.50977,24754.06055,24754.06055,255140000
2017/12/26,24715.83984,24778.13086,24708.41992,24746.21094,24746.21094,208290000
2017/12/27,24766.51953,24789.51953,24731.67969,24774.30078,24774.30078,225890000
2017/12/28,24807.21094,24839.23047,24797.13086,24837.50977,24837.50977,200960000
2017/12/29,24849.63086,24871.66016,24719.2207,24719.2207,24719.2207,270760000
2018/1/2,24809.34961,24864.18945,24741.69922,24824.00977,24824.00977,341130000
2018/1/3,24850.44922,24941.91992,24825.55078,24922.67969,24922.67969,456790000
2018/1/4,24964.85938,25105.96094,24963.26953,25075.13086,25075.13086,403280000
2018/1/5,25114.91992,25299.78906,25112.00977,25295.86914,25295.86914,358020000
2018/1/8,25308.40039,25311.99023,25235.41016,25283,25283,341390000
2018/1/9,25312.05078,25439.7793,25308.41016,25385.80078,25385.80078,333490000
2018/1/10,25348.13086,25404.91992,25256.99023,25369.13086,25369.13086,341470000
2018/1/11,25398.59961,25575.41992,25396.18945,25574.73047,25574.73047,346830000
2018/1/12,25638.39063,25810.42969,25633.08008,25803.18945,25803.18945,376390000
2018/1/16,25987.61914,26086.11914,25702.99023,25792.85938,25792.85938,606520000
2018/1/17,25910.7793,26130.44922,25865.01953,26115.65039,26115.65039,522720000
2018/1/18,26149.55078,26153.41992,25947.32031,26017.81055,26017.81055,492780000
2018/1/19,25987.34961,26071.7207,25942.83008,26071.7207,26071.7207,585000000
2018/1/22,26025.32031,26215.23047,25974.65039,26214.59961,26214.59961,431200000
2018/1/23,26214.86914,26246.18945,26143.90039,26210.81055,26210.81055,433490000
2018/1/24,26282.07031,26392.80078,26106.93945,26252.11914,26252.11914,518790000
2018/1/25,26313.06055,26458.25,26259.7207,26392.78906,26392.78906,401390000
2018/1/26,26466.74023,26616.71094,26425.34961,26616.71094,26616.71094,477780000
2018/1/29,26584.2793,26608.90039,26435.33984,26439.48047,26439.48047,421000000
2018/1/30,26198.44922,26256.99023,26028.41992,26076.89063,26076.89063,448330000
2018/1/31,26268.16992,26338.0293,26050.98047,26149.39063,26149.39063,479130000
2018/2/1,26083.03906,26306.69922,26014.43945,26186.71094,26186.71094,410620000
2018/2/2,26061.78906,26061.78906,25490.66016,25520.96094,25520.96094,522880000
2018/2/5,25337.86914,25520.5293,23923.88086,24345.75,24345.75,714450000
2018/2/6,24085.16992,24946.23047,23778.74023,24912.76953,24912.76953,823940000
2018/2/7,24892.86914,25293.96094,24785.43945,24893.34961,24893.34961,504620000
2018/2/8,24902.30078,24903.67969,23849.23047,23860.46094,23860.46094,657500000
2018/2/9,23992.66992,24382.14063,23360.28906,24190.90039,24190.90039,735030000
2018/2/12,24337.75977,24765.16016,24290.48047,24601.26953,24601.26953,496610000
2018/2/13,24540.33008,24705.7207,24421.0293,24640.44922,24640.44922,374410000
2018/2/14,24535.82031,24925.94922,24490.35938,24893.49023,24893.49023,431160000
2018/2/15,25047.82031,25203.94922,24809.41992,25200.36914,25200.36914,416780000
2018/2/16,25165.93945,25432.41992,25149.25977,25219.38086,25219.38086,406730000
2018/2/20,25124.91016,25179.00977,24884.18945,24964.75,24964.75,421510000
2018/2/21,24988.06055,25267.99023,24792.99023,24797.7793,24797.7793,456070000
2018/2/22,24855.41016,25156.7207,24854.83008,24962.48047,24962.48047,378900000
2018/2/23,25050.50977,25313.91016,25028.73047,25309.99023,25309.99023,335420000
2018/2/26,25403.34961,25732.80078,25398.56055,25709.26953,25709.26953,473360000
2018/2/27,25735.7793,25800.34961,25407.83008,25410.0293,25410.0293,438390000
2018/2/28,25485.15039,25576.15039,25022.41992,25029.19922,25029.19922,451870000
2018/3/1,25024.03906,25185.34961,24442.56055,24608.98047,24608.98047,506280000
2018/3/2,24394.91016,24592.46094,24217.75977,24538.06055,24538.06055,437130000
2018/3/5,24471.31055,24961,24387.15039,24874.75977,24874.75977,383910000
2018/3/6,24965.89063,24995.24023,24708.41016,24884.11914,24884.11914,331770000
2018/3/7,24758.15039,24849.67969,24535.11914,24801.35938,24801.35938,394070000
2018/3/8,24853.41016,24950.49023,24703.05078,24895.21094,24895.21094,327300000
2018/3/9,25004.89063,25336.33008,25004.89063,25335.74023,25335.74023,371570000
2018/3/12,25372.43945,25449.15039,25152.01953,25178.60938,25178.60938,362580000
2018/3/13,25257.75,25376.40039,24947.5,25007.0293,25007.0293,447880000
2018/3/14,25086.9707,25130.11914,24668.83008,24758.11914,24758.11914,356830000
2018/3/15,24837.28906,25053.86914,24753.28906,24873.66016,24873.66016,316310000
2018/3/16,24877.33984,25031,24857.08984,24946.50977,24946.50977,654240000
2018/3/19,24893.68945,24893.68945,24453.14063,24610.91016,24610.91016,377990000
2018/3/20,24650.64063,24803.60938,24650.64063,24727.26953,24727.26953,342510000
2018/3/21,24723.49023,24977.65039,24655.40039,24682.31055,24682.31055,343230000
2018/3/22,24526.00977,24526.00977,23938.74023,23957.89063,23957.89063,439280000
2018/3/23,23995.17969,24108.4707,23509.06055,23533.19922,23533.19922,482550000
2018/3/26,23825.74023,24232.30078,23741.2207,24202.59961,24202.59961,479540000
2018/3/27,24276.61914,24446.2207,23708.73047,23857.71094,23857.71094,524480000
2018/3/28,23883.08008,24092.4707,23728.66992,23848.41992,23848.41992,530040000
2018/3/29,23949.17969,24314.30078,23928.13086,24103.10938,24103.10938,463550000
2018/4/2,24076.59961,24123.80078,23344.51953,23644.18945,23644.18945,509820000
2018/4/3,23698.33008,24044.34961,23664.33008,24033.35938,24033.35938,394130000
2018/4/4,23654.15039,24308.96094,23523.16016,24264.30078,24264.30078,388540000
2018/4/5,24313.91016,24622.25977,24313.91016,24505.2207,24505.2207,347790000
2018/4/6,24373.59961,24434.40039,23738.19922,23932.75977,23932.75977,395990000
2018/4/9,24037.51953,24373.17969,23954.83008,23979.09961,23979.09961,380790000
2018/4/10,24198.94922,24511.34961,24198.94922,24408,24408,368590000
2018/4/11,24274.18945,24366.57031,24150.86914,24189.44922,24189.44922,286360000
2018/4/12,24302.82031,24592.11914,24302.82031,24483.05078,24483.05078,336130000
2018/4/13,24582.82031,24646.44922,24243.74023,24360.14063,24360.14063,331890000
2018/4/16,24483.15039,24675.35938,24480.19922,24573.03906,24573.03906,305070000
2018/4/17,24681.78906,24858.9707,24681.78906,24786.63086,24786.63086,342410000
2018/4/18,24820.84961,24832.53906,24721.08984,24748.07031,24748.07031,302030000
2018/4/19,24711.30078,24762.48047,24557.0293,24664.89063,24664.89063,381110000
2018/4/20,24657.39063,24678.07031,24375.03906,24462.93945,24462.93945,537770000
2018/4/23,24488.07031,24536.89063,24328.53906,24448.68945,24448.68945,351030000
2018/4/24,24579.93945,24579.93945,23828.73047,24024.13086,24024.13086,468180000
2018/4/25,24070.19922,24146.33984,23823.08008,24083.83008,24083.83008,437100000
2018/4/26,24128.7207,24402.46094,24128.7207,24322.33984,24322.33984,390360000
2018/4/27,24342.14063,24359.38086,24194.44922,24311.18945,24311.18945,392810000
2018/4/30,24410.41016,24498.23047,24163.08008,24163.15039,24163.15039,416650000
2018/5/1,24117.28906,24117.28906,23808.18945,24099.05078,24099.05078,380070000
2018/5/2,24097.63086,24185.51953,23886.30078,23924.98047,23924.98047,385350000
2018/5/3,23836.23047,23996.15039,23531.31055,23930.15039,23930.15039,389240000
2018/5/4,23865.2207,24333.34961,23778.86914,24262.50977,24262.50977,329480000
2018/5/7,24317.66016,24479.44922,24263.41992,24357.32031,24357.32031,307670000
2018/5/8,24341.34961,24412.33984,24198.33984,24360.21094,24360.21094,344940000
2018/5/9,24399.17969,24586.48047,24323.86914,24542.53906,24542.53906,361580000
2018/5/10,24591.66016,24794.99023,24575.91016,24739.5293,24739.5293,304210000
2018/5/11,24758.64063,24868.65039,24717.5,24831.16992,24831.16992,274150000
2018/5/14,24879.36914,24994.18945,24862.51953,24899.41016,24899.41016,282860000
2018/5/15,24809.55078,24809.55078,24629.39063,24706.41016,24706.41016,301900000
2018/5/16,24722.32031,24801.18945,24672.78906,24768.92969,24768.92969,280810000
2018/5/17,24752.40039,24839.49023,24639.40039,24713.98047,24713.98047,314650000
2018/5/18,24707.7207,24774.9707,24664.86914,24715.08984,24715.08984,269700000
2018/5/21,24883.06055,25086.49023,24883.06055,25013.28906,25013.28906,308920000
2018/5/22,25047.55078,25064.99023,24812.06055,24834.41016,24834.41016,288200000
2018/5/23,24757.71094,24889.46094,24667.11914,24886.81055,24886.81055,399610000
2018/5/24,24877.35938,24877.35938,24605.90039,24811.75977,24811.75977,347050000
2018/5/25,24781.28906,24824.2207,24687.81055,24753.08984,24753.08984,257210000
2018/5/29,24606.58984,24635.17969,24247.83984,24361.44922,24361.44922,395810000
2018/5/30,24467.83008,24714.48047,24459.08984,24667.7793,24667.7793,324870000
2018/5/31,24620.78906,24620.78906,24352.15039,24415.83984,24415.83984,429740000
2018/6/1,24542.08984,24673.59961,24542.08984,24635.21094,24635.21094,315710000
2018/6/4,0,0,0,0,0,0
2018/6/5,0,0,0,0,0,0
2018/6/6,0,0,0,0,0,0
2018/6/7,0,0,0,0,0,0
2018/6/8,0,0,0,0,0,0